{
    "0.091": 0.0474853515625,
    "0.092": 0.03741455078125,
    "0.093": 0.0432281494140625,
    "0.094": 0.04150390625,
    "0.095": 0.0432281494140625,
    "0.096": 0.042205810546875,
    "0.097": 0.042724609375,
    "0.098": 0.039703369140625,
    "0.099": 0.038492838541666664,
    "0.1": 0.04254150390625,
    "0.101": 0.0439208984375,
    "0.102": 0.04524448939732143,
    "0.103": 0.045751953125,
    "0.104": 0.04786376953125,
    "0.105": 0.04403076171875,
    "0.106": 0.043904622395833336,
    "0.107": 0.043294270833333336,
    "0.108": 0.04449462890625,
    "0.109": 0.043121337890625,
    "0.11": 0.0426788330078125,
    "0.111": 0.0445068359375,
    "0.112": 0.047770182291666664,
    "0.113": 0.0416717529296875,
    "0.114": 0.0443359375,
    "0.115": 0.0449676513671875,
    "0.116": 0.0470703125,
    "0.117": 0.04423828125,
    "0.118": 0.051188151041666664,
    "0.119": 0.04690212673611111,
    "0.12": 0.040374755859375,
    "0.121": 0.047393798828125,
    "0.122": 0.04522705078125,
    "0.123": 0.04712785993303571,
    "0.124": 0.048563639322916664,
    "0.125": 0.04681396484375,
    "0.126": 0.042989095052083336,
    "0.127": 0.044993082682291664,
    "0.128": 0.045166015625,
    "0.129": 0.044276646205357144,
    "0.13": 0.04602922712053571,
    "0.131": 0.0433807373046875,
    "0.132": 0.044779459635416664,
    "0.133": 0.048618861607142856,
    "0.134": 0.04628208705357143,
    "0.135": 0.051361083984375,
    "0.136": 0.04560546875,
    "0.137": 0.0512542724609375,
    "0.138": 0.048095703125,
    "0.139": 0.0439208984375,
    "0.14": 0.04852294921875,
    "0.141": 0.04908582899305555,
    "0.142": 0.046464399857954544,
    "0.143": 0.04901123046875,
    "0.144": 0.048980712890625,
    "0.145": 0.0456298828125,
    "0.146": 0.048177083333333336,
    "0.147": 0.05064174107142857,
    "0.148": 0.04921653053977273,
    "0.149": 0.04595947265625,
    "0.15": 0.04819488525390625,
    "0.151": 0.04714202880859375,
    "0.152": 0.04922146267361111,
    "0.153": 0.05118408203125,
    "0.154": 0.051839192708333336,
    "0.155": 0.047800699869791664,
    "0.156": 0.045827229817708336,
    "0.157": 0.05043381911057692,
    "0.158": 0.055806477864583336,
    "0.159": 0.051228841145833336,
    "0.16": 0.049875895182291664,
    "0.161": 0.052001953125,
    "0.162": 0.0480804443359375,
    "0.163": 0.05028533935546875,
    "0.164": 0.0538482666015625,
    "0.165": 0.0494537353515625,
    "0.166": 0.05320909288194445,
    "0.167": 0.049853515625,
    "0.168": 0.0523529052734375,
    "0.169": 0.0530853271484375,
    "0.17": 0.05201939174107143,
    "0.171": 0.0525054931640625,
    "0.172": 0.053009033203125,
    "0.173": 0.05632781982421875,
    "0.174": 0.052286783854166664,
    "0.175": 0.054585774739583336,
    "0.176": 0.05413348858173077,
    "0.177": 0.05684592507102273,
    "0.178": 0.052220662434895836,
    "0.179": 0.05709075927734375,
    "0.18": 0.054168701171875,
    "0.181": 0.05613054547991071,
    "0.182": 0.05497389573317308,
    "0.183": 0.05570068359375,
    "0.184": 0.0590576171875,
    "0.185": 0.05522809709821429,
    "0.186": 0.05792236328125,
    "0.187": 0.0580810546875,
    "0.188": 0.05784776475694445,
    "0.189": 0.059270222981770836,
    "0.19": 0.058160955255681816,
    "0.191": 0.05869704026442308,
    "0.192": 0.0576171875,
    "0.193": 0.0550384521484375,
    "0.194": 0.056304931640625,
    "0.195": 0.05806732177734375,
    "0.196": 0.056988525390625,
    "0.197": 0.05886501736111111,
    "0.198": 0.05784388950892857,
    "0.199": 0.0589599609375,
    "0.2": 0.06201171875,
    "0.201": 0.05868807705965909,
    "0.202": 0.06259358723958333,
    "0.203": 0.06201171875,
    "0.204": 0.060053507486979164,
    "0.205": 0.06147054036458333,
    "0.206": 0.06322303185096154,
    "0.207": 0.0593109130859375,
    "0.208": 0.06077880859375,
    "0.209": 0.06291785606971154,
    "0.21": 0.0590972900390625,
    "0.211": 0.063372802734375,
    "0.212": 0.06602260044642858,
    "0.213": 0.06082763671875,
    "0.214": 0.061985560825892856,
    "0.215": 0.06311907087053571,
    "0.216": 0.06299767127403846,
    "0.217": 0.0642578125,
    "0.218": 0.06348673502604167,
    "0.219": 0.06669755415482954,
    "0.22": 0.06400299072265625,
    "0.221": 0.06569417317708333,
    "0.222": 0.06493671123798077,
    "0.223": 0.064300537109375,
    "0.224": 0.06628824869791666,
    "0.225": 0.06926935369318182,
    "0.226": 0.067919921875,
    "0.227": 0.06384636374080882,
    "0.228": 0.0687255859375,
    "0.229": 0.06748308454241071,
    "0.23": 0.06596235795454546,
    "0.231": 0.06846110026041667,
    "0.232": 0.06893088600852272,
    "0.233": 0.06755719866071429,
    "0.234": 0.06692227450284091,
    "0.235": 0.06896008943256579,
    "0.236": 0.07122802734375,
    "0.237": 0.07318793402777778,
    "0.238": 0.0703268612132353,
    "0.239": 0.06952718098958334,
    "0.24": 0.06920623779296875,
    "0.241": 0.07103849712171052,
    "0.242": 0.07008870442708333,
    "0.243": 0.07400004069010417,
    "0.244": 0.07195575420673077,
    "0.245": 0.074267578125,
    "0.246": 0.07357352120535714,
    "0.247": 0.07164450252757353,
    "0.248": 0.07207815987723214,
    "0.249": 0.0735443115234375,
    "0.25": 0.07235585088315218,
    "0.251": 0.07211842256433823,
    "0.252": 0.07362634995404412,
    "0.253": 0.06935337611607142,
    "0.254": 0.07635498046875,
    "0.255": 0.07541910807291667,
    "0.256": 0.07147934857536764,
    "0.257": 0.07383034446022728,
    "0.258": 0.07439313616071429,
    "0.259": 0.07189534505208334,
    "0.26": 0.07439676920572917,
    "0.261": 0.07918701171875,
    "0.262": 0.07635967548076923,
    "0.263": 0.07500457763671875,
    "0.264": 0.07403157552083334,
    "0.265": 0.07895132211538461,
    "0.266": 0.07638168334960938,
    "0.267": 0.07665546123798077,
    "0.268": 0.075775146484375,
    "0.269": 0.07628839666193182,
    "0.27": 0.079718017578125,
    "0.271": 0.07731701078869048,
    "0.272": 0.07721201578776042,
    "0.273": 0.07761876723345588,
    "0.274": 0.0779888446514423,
    "0.275": 0.07888115776909722,
    "0.276": 0.08028738839285714,
    "0.277": 0.08049180772569445,
    "0.278": 0.08025541759672619,
    "0.279": 0.0806976318359375,
    "0.28": 0.08007049560546875,
    "0.281": 0.07901123046875,
    "0.282": 0.08020600818452381,
    "0.283": 0.0808681911892361,
    "0.284": 0.082171630859375,
    "0.285": 0.08376871744791667,
    "0.286": 0.0827667236328125,
    "0.287": 0.08194623674665179,
    "0.288": 0.08497170840992647,
    "0.289": 0.08387169471153846,
    "0.29": 0.08508721713362069,
    "0.291": 0.08679962158203125,
    "0.292": 0.08706461588541667,
    "0.293": 0.08558146158854167,
    "0.294": 0.08641270228794642,
    "0.295": 0.0873379177517361,
    "0.296": 0.08663795107886904,
    "0.297": 0.08861041891163793,
    "0.298": 0.089385986328125,
    "0.299": 0.08848644438244048,
    "0.3": 0.0893463134765625,
    "0.301": 0.09033203125,
    "0.302": 0.08897145589192708,
    "0.303": 0.09009486607142857,
    "0.304": 0.08903087269176137,
    "0.305": 0.09084378756009616,
    "0.306": 0.09144030119243421,
    "0.307": 0.09120546538254311,
    "0.308": 0.09307670593261719,
    "0.309": 0.0918548583984375,
    "0.31": 0.09375897575827206,
    "0.311": 0.09359580592105263,
    "0.312": 0.09381821576286764,
    "0.313": 0.0924072265625,
    "0.314": 0.09465648509837964,
    "0.315": 0.0945055731411638,
    "0.316": 0.09536016555059523,
    "0.317": 0.0952310001148897,
    "0.318": 0.09594980875651042,
    "0.319": 0.09728633996212122,
    "0.32": 0.09759368896484374,
    "0.321": 0.09714947324810606,
    "0.322": 0.09741428920200892,
    "0.323": 0.09736364028033088,
    "0.324": 0.097747802734375,
    "0.325": 0.09834691097861842,
    "0.326": 0.10013602120535714,
    "0.327": 0.10130152209051724,
    "0.328": 0.10151018415178571,
    "0.329": 0.10132061993634259,
    "0.33": 0.10269869290865384,
    "0.331": 0.10143824986049108,
    "0.332": 0.10195196242559523,
    "0.333": 0.10359272203947369,